ticker,name,signal_date,entry_date,exit_date,entry_price,exit_price,return_pct,holding_days,exit_reason,signal_score,box_high,box_low,box_range_pct,vcp_score,reason
005930,삼성전자,2025-12-26,2025-12-29,2025-12-30,119400.0,119900.0,0.42,2,time_exit,90,112500,99900,12.61,14,"박스권 형성 여부: 최근 20일 박스폭 12.61%로 스윙 박스 구간에 해당합니다.; 박스 상단 근접/돌파 여부: 현재 종가가 박스 상단을 돌파했습니다.; 변동성 축소 여부: 20일→10일→5일 변동성이 2.42% → 2.41% → 2.31% 흐름입니다.; 거래량 증가 여부: 최근 5일 평균 거래량은 20일 평균의 1.29배이고, 돌파일 거래량은 20일 평균의 1.86배입니다."
005935,삼성전자우,2025-06-24,2025-06-25,2025-07-08,50200.0,51500.0,2.59,10,time_exit,80,50400,44200,14.03,14,"박스권 형성 여부: 최근 20일 박스폭 14.03%로 스윙 박스 구간에 해당합니다.; 박스 상단 근접/돌파 여부: 현재 종가가 박스 상단 95% 이상 구간에 근접했습니다.; 변동성 축소 여부: 20일→10일→5일 변동성이 2.16% → 2.16% → 1.80% 흐름입니다.; 거래량 증가 여부: 최근 5일 평균 거래량은 20일 평균의 1.12배이고, 돌파일 거래량은 20일 평균의 1.88배입니다."
005380,현대차,2025-07-23,2025-07-24,2025-08-04,221000.0,209950.0,-5.0,8,stop_loss,94,221500,203000,9.11,14,"박스권 형성 여부: 최근 20일 박스폭 9.11%로 스윙 박스 구간에 해당합니다.; 박스 상단 근접/돌파 여부: 현재 종가가 박스 상단을 돌파했습니다.; 변동성 축소 여부: 20일→10일→5일 변동성이 2.90% → 2.80% → 2.62% 흐름입니다.; 거래량 증가 여부: 최근 5일 평균 거래량은 20일 평균의 1.21배이고, 돌파일 거래량은 20일 평균의 3.68배입니다."
034020,두산에너빌리티,2025-01-17,2025-01-20,2025-01-24,22100.0,24310.0,10.0,5,take_profit,86,21100,17430,21.06,14,"박스권 형성 여부: 최근 20일 박스폭 21.06%로 스윙 박스 구간에 해당합니다.; 박스 상단 근접/돌파 여부: 현재 종가가 박스 상단을 돌파했습니다.; 변동성 축소 여부: 20일→10일→5일 변동성이 3.38% → 3.28% → 3.05% 흐름입니다.; 거래량 증가 여부: 최근 5일 평균 거래량은 20일 평균의 1.21배이고, 돌파일 거래량은 20일 평균의 2.29배입니다."
329180,HD현대중공업,2025-06-24,2025-06-25,2025-06-25,469500.0,446025.0,-5.0,1,stop_loss,78,458000,385000,18.96,14,"박스권 형성 여부: 최근 20일 박스폭 18.96%로 스윙 박스 구간에 해당합니다.; 박스 상단 근접/돌파 여부: 현재 종가가 박스 상단을 돌파했습니다.; 변동성 축소 여부: 20일→10일→5일 변동성이 4.80% → 4.41% → 4.40% 흐름입니다.; 거래량 증가 여부: 최근 5일 평균 거래량은 20일 평균의 1.07배이고, 돌파일 거래량은 20일 평균의 1.87배입니다."
009150,삼성전기,2025-02-07,2025-02-10,2025-02-21,137600.0,143200.0,4.07,10,time_exit,91,135600,123000,10.24,14,"박스권 형성 여부: 최근 20일 박스폭 10.24%로 스윙 박스 구간에 해당합니다.; 박스 상단 근접/돌파 여부: 현재 종가가 박스 상단을 돌파했습니다.; 변동성 축소 여부: 20일→10일→5일 변동성이 3.31% → 3.17% → 2.66% 흐름입니다.; 거래량 증가 여부: 최근 5일 평균 거래량은 20일 평균의 1.12배이고, 돌파일 거래량은 20일 평균의 2.07배입니다."
009150,삼성전기,2025-06-24,2025-06-25,2025-07-08,139300.0,136700.0,-1.87,10,time_exit,84,134800,116200,16.01,14,"박스권 형성 여부: 최근 20일 박스폭 16.01%로 스윙 박스 구간에 해당합니다.; 박스 상단 근접/돌파 여부: 현재 종가가 박스 상단을 돌파했습니다.; 변동성 축소 여부: 20일→10일→5일 변동성이 3.07% → 2.99% → 2.87% 흐름입니다.; 거래량 증가 여부: 최근 5일 평균 거래량은 20일 평균의 1.08배이고, 돌파일 거래량은 20일 평균의 1.38배입니다."
000270,기아,2025-09-11,2025-09-12,2025-09-16,106100.0,100795.0,-5.0,3,stop_loss,84,107900,101900,5.89,14,"박스권 형성 여부: 최근 20일 박스폭 5.89%로 스윙 박스 구간에 해당합니다.; 박스 상단 근접/돌파 여부: 현재 종가가 박스 상단 95% 이상 구간에 근접했습니다.; 변동성 축소 여부: 20일→10일→5일 변동성이 1.68% → 1.54% → 1.44% 흐름입니다.; 거래량 증가 여부: 최근 5일 평균 거래량은 20일 평균의 1.18배이고, 돌파일 거래량은 20일 평균의 1.84배입니다."
105560,KB금융,2025-01-31,2025-02-03,2025-02-06,91600.0,87020.0,-5.0,4,stop_loss,88,91700,82900,10.62,14,"박스권 형성 여부: 최근 20일 박스폭 10.62%로 스윙 박스 구간에 해당합니다.; 박스 상단 근접/돌파 여부: 현재 종가가 박스 상단 95% 이상 구간에 근접했습니다.; 변동성 축소 여부: 20일→10일→5일 변동성이 2.26% → 2.07% → 2.01% 흐름입니다.; 거래량 증가 여부: 최근 5일 평균 거래량은 20일 평균의 1.16배이고, 돌파일 거래량은 20일 평균의 2.38배입니다."
006400,삼성SDI,2025-06-12,2025-06-13,2025-06-26,173900.0,174600.0,0.4,10,time_exit,69,179000,157700,13.51,14,"박스권 형성 여부: 최근 20일 박스폭 13.51%로 스윙 박스 구간에 해당합니다.; 박스 상단 근접/돌파 여부: 현재 종가가 박스 상단 95% 이상 구간에 근접했습니다.; 변동성 축소 여부: 20일→10일→5일 변동성이 3.82% → 3.75% → 2.80% 흐름입니다.; 거래량 증가 여부: 최근 5일 평균 거래량은 20일 평균의 1.13배이고, 돌파일 거래량은 20일 평균의 2.11배입니다."
032830,삼성생명,2025-04-30,2025-05-02,2025-05-19,86000.0,89000.0,3.49,10,time_exit,84,85500,73300,16.64,14,"박스권 형성 여부: 최근 20일 박스폭 16.64%로 스윙 박스 구간에 해당합니다.; 박스 상단 근접/돌파 여부: 현재 종가가 박스 상단을 돌파했습니다.; 변동성 축소 여부: 20일→10일→5일 변동성이 2.40% → 2.10% → 2.02% 흐름입니다.; 거래량 증가 여부: 최근 5일 평균 거래량은 20일 평균의 1.09배이고, 돌파일 거래량은 20일 평균의 1.97배입니다."
028260,삼성물산,2025-09-09,2025-09-10,2025-09-15,178000.0,195800.0,10.0,4,take_profit,87,177300,155300,14.17,14,"박스권 형성 여부: 최근 20일 박스폭 14.17%로 스윙 박스 구간에 해당합니다.; 박스 상단 근접/돌파 여부: 현재 종가가 박스 상단을 돌파했습니다.; 변동성 축소 여부: 20일→10일→5일 변동성이 2.66% → 2.55% → 2.46% 흐름입니다.; 거래량 증가 여부: 최근 5일 평균 거래량은 20일 평균의 1.19배이고, 돌파일 거래량은 20일 평균의 1.84배입니다."
055550,신한지주,2025-01-31,2025-02-03,2025-02-12,51300.0,48735.0,-5.0,8,stop_loss,78,51400,47550,8.1,14,"박스권 형성 여부: 최근 20일 박스폭 8.10%로 스윙 박스 구간에 해당합니다.; 박스 상단 근접/돌파 여부: 현재 종가가 박스 상단 95% 이상 구간에 근접했습니다.; 변동성 축소 여부: 20일→10일→5일 변동성이 2.34% → 2.32% → 1.93% 흐름입니다.; 거래량 증가 여부: 최근 5일 평균 거래량은 20일 평균의 1.07배이고, 돌파일 거래량은 20일 평균의 1.38배입니다."
055550,신한지주,2025-06-25,2025-06-26,2025-07-08,60800.0,66880.0,10.0,9,take_profit,75,62100,55000,12.91,14,"박스권 형성 여부: 최근 20일 박스폭 12.91%로 스윙 박스 구간에 해당합니다.; 박스 상단 근접/돌파 여부: 현재 종가가 박스 상단 95% 이상 구간에 근접했습니다.; 변동성 축소 여부: 20일→10일→5일 변동성이 3.10% → 2.77% → 2.36% 흐름입니다.; 거래량 증가 여부: 최근 5일 평균 거래량은 20일 평균의 1.80배이고, 돌파일 거래량은 20일 평균의 5.58배입니다."
006800,미래에셋증권,2025-04-28,2025-04-29,2025-04-30,10404.0,11444.4,10.0,2,take_profit,73,10454,8373,24.85,14,"박스권 형성 여부: 최근 20일 박스폭 24.85%로 스윙 박스 구간에 해당합니다.; 박스 상단 근접/돌파 여부: 현재 종가가 박스 상단 95% 이상 구간에 근접했습니다.; 변동성 축소 여부: 20일→10일→5일 변동성이 2.82% → 2.46% → 2.34% 흐름입니다.; 거래량 증가 여부: 최근 5일 평균 거래량은 20일 평균의 1.49배이고, 돌파일 거래량은 20일 평균의 1.16배입니다."
012330,현대모비스,2025-02-03,2025-02-04,2025-02-05,264500.0,251275.0,-5.0,2,stop_loss,72,268500,235500,14.01,14,"박스권 형성 여부: 최근 20일 박스폭 14.01%로 스윙 박스 구간에 해당합니다.; 박스 상단 근접/돌파 여부: 현재 종가가 박스 상단 95% 이상 구간에 근접했습니다.; 변동성 축소 여부: 20일→10일→5일 변동성이 3.04% → 2.72% → 2.67% 흐름입니다.; 거래량 증가 여부: 최근 5일 평균 거래량은 20일 평균의 1.57배이고, 돌파일 거래량은 20일 평균의 1.34배입니다."
012330,현대모비스,2025-03-20,2025-03-21,2025-04-03,266500.0,253175.0,-5.0,10,stop_loss,83,272000,240500,13.1,14,"박스권 형성 여부: 최근 20일 박스폭 13.10%로 스윙 박스 구간에 해당합니다.; 박스 상단 근접/돌파 여부: 현재 종가가 박스 상단 95% 이상 구간에 근접했습니다.; 변동성 축소 여부: 20일→10일→5일 변동성이 2.95% → 2.60% → 2.50% 흐름입니다.; 거래량 증가 여부: 최근 5일 평균 거래량은 20일 평균의 1.36배이고, 돌파일 거래량은 20일 평균의 1.76배입니다."
086790,하나금융지주,2025-02-03,2025-02-04,2025-02-17,59800.0,60300.0,0.84,10,time_exit,73,60900,56500,7.79,14,"박스권 형성 여부: 최근 20일 박스폭 7.79%로 스윙 박스 구간에 해당합니다.; 박스 상단 근접/돌파 여부: 현재 종가가 박스 상단 95% 이상 구간에 근접했습니다.; 변동성 축소 여부: 20일→10일→5일 변동성이 2.22% → 2.21% → 1.99% 흐름입니다.; 거래량 증가 여부: 최근 5일 평균 거래량은 20일 평균의 1.34배이고, 돌파일 거래량은 20일 평균의 1.23배입니다."
086790,하나금융지주,2025-02-27,2025-02-28,2025-03-05,60900.0,57855.0,-5.0,3,stop_loss,76,63700,58800,8.33,14,"박스권 형성 여부: 최근 20일 박스폭 8.33%로 스윙 박스 구간에 해당합니다.; 박스 상단 근접/돌파 여부: 현재 종가가 박스 상단 95% 이상 구간에 근접했습니다.; 변동성 축소 여부: 20일→10일→5일 변동성이 2.15% → 1.78% → 1.77% 흐름입니다.; 거래량 증가 여부: 최근 5일 평균 거래량은 20일 평균의 1.12배이고, 돌파일 거래량은 20일 평균의 1.32배입니다."
086790,하나금융지주,2025-05-13,2025-05-14,2025-05-27,64500.0,70100.0,8.68,10,time_exit,79,66000,53700,22.91,14,"박스권 형성 여부: 최근 20일 박스폭 22.91%로 스윙 박스 구간에 해당합니다.; 박스 상단 근접/돌파 여부: 현재 종가가 박스 상단 95% 이상 구간에 근접했습니다.; 변동성 축소 여부: 20일→10일→5일 변동성이 1.99% → 1.82% → 1.61% 흐름입니다.; 거래량 증가 여부: 최근 5일 평균 거래량은 20일 평균의 1.25배이고, 돌파일 거래량은 20일 평균의 1.76배입니다."
034730,SK,2025-05-12,2025-05-13,2025-05-26,137500.0,141100.0,2.62,10,time_exit,80,138500,117300,18.07,14,"박스권 형성 여부: 최근 20일 박스폭 18.07%로 스윙 박스 구간에 해당합니다.; 박스 상단 근접/돌파 여부: 현재 종가가 박스 상단을 돌파했습니다.; 변동성 축소 여부: 20일→10일→5일 변동성이 2.33% → 2.26% → 2.16% 흐름입니다.; 거래량 증가 여부: 최근 5일 평균 거래량은 20일 평균의 1.24배이고, 돌파일 거래량은 20일 평균의 1.16배입니다."
009540,HD한국조선해양,2025-10-29,2025-10-30,2025-11-05,472000.0,448400.0,-5.0,5,stop_loss,68,474500,390000,21.67,14,"박스권 형성 여부: 최근 20일 박스폭 21.67%로 스윙 박스 구간에 해당합니다.; 박스 상단 근접/돌파 여부: 현재 종가가 박스 상단 95% 이상 구간에 근접했습니다.; 변동성 축소 여부: 20일→10일→5일 변동성이 3.96% → 3.74% → 3.55% 흐름입니다.; 거래량 증가 여부: 최근 5일 평균 거래량은 20일 평균의 1.16배이고, 돌파일 거래량은 20일 평균의 1.21배입니다."
035420,NAVER,2025-09-16,2025-09-17,2025-09-25,233500.0,256850.0,10.0,7,take_profit,72,239000,210500,13.54,14,"박스권 형성 여부: 최근 20일 박스폭 13.54%로 스윙 박스 구간에 해당합니다.; 박스 상단 근접/돌파 여부: 현재 종가가 박스 상단 95% 이상 구간에 근접했습니다.; 변동성 축소 여부: 20일→10일→5일 변동성이 2.41% → 2.36% → 2.22% 흐름입니다.; 거래량 증가 여부: 최근 5일 평균 거래량은 20일 평균의 1.13배이고, 돌파일 거래량은 20일 평균의 1.15배입니다."
051910,LG화학,2025-09-16,2025-09-17,2025-09-30,289500.0,278000.0,-3.97,10,time_exit,67,302500,264500,14.37,14,"박스권 형성 여부: 최근 20일 박스폭 14.37%로 스윙 박스 구간에 해당합니다.; 박스 상단 근접/돌파 여부: 현재 종가가 박스 상단 95% 이상 구간에 근접했습니다.; 변동성 축소 여부: 20일→10일→5일 변동성이 3.19% → 3.04% → 3.00% 흐름입니다.; 거래량 증가 여부: 최근 5일 평균 거래량은 20일 평균의 1.12배이고, 돌파일 거래량은 20일 평균의 1.42배입니다."
015760,한국전력,2025-05-09,2025-05-12,2025-05-13,27000.0,25650.0,-5.0,2,stop_loss,80,26700,22250,20.0,14,"박스권 형성 여부: 최근 20일 박스폭 20.00%로 스윙 박스 구간에 해당합니다.; 박스 상단 근접/돌파 여부: 현재 종가가 박스 상단을 돌파했습니다.; 변동성 축소 여부: 20일→10일→5일 변동성이 2.24% → 2.15% → 1.98% 흐름입니다.; 거래량 증가 여부: 최근 5일 평균 거래량은 20일 평균의 1.08배이고, 돌파일 거래량은 20일 평균의 1.22배입니다."
010140,삼성중공업,2025-01-09,2025-01-10,2025-01-15,12000.0,13200.0,10.0,4,take_profit,86,12020,10040,19.72,17,"박스권 형성 여부: 최근 20일 박스폭 19.72%로 스윙 박스 구간에 해당합니다.; 박스 상단 근접/돌파 여부: 현재 종가가 박스 상단을 돌파했습니다.; 변동성 축소 여부: 20일→10일→5일 변동성이 3.36% → 2.94% → 2.60% 흐름입니다.; 거래량 증가 여부: 최근 5일 평균 거래량은 20일 평균의 1.14배이고, 돌파일 거래량은 20일 평균의 1.21배입니다."
096770,SK이노베이션,2025-02-19,2025-02-20,2025-03-04,130000.0,123500.0,-5.0,8,stop_loss,81,131200,120000,9.33,14,"박스권 형성 여부: 최근 20일 박스폭 9.33%로 스윙 박스 구간에 해당합니다.; 박스 상단 근접/돌파 여부: 현재 종가가 박스 상단 95% 이상 구간에 근접했습니다.; 변동성 축소 여부: 20일→10일→5일 변동성이 3.19% → 3.09% → 3.07% 흐름입니다.; 거래량 증가 여부: 최근 5일 평균 거래량은 20일 평균의 1.24배이고, 돌파일 거래량은 20일 평균의 1.15배입니다."
316140,우리금융지주,2025-09-25,2025-09-26,2025-10-13,26500.0,25175.0,-5.0,7,stop_loss,80,26950,23750,13.47,14,"박스권 형성 여부: 최근 20일 박스폭 13.47%로 스윙 박스 구간에 해당합니다.; 박스 상단 근접/돌파 여부: 현재 종가가 박스 상단 95% 이상 구간에 근접했습니다.; 변동성 축소 여부: 20일→10일→5일 변동성이 2.26% → 2.20% → 1.97% 흐름입니다.; 거래량 증가 여부: 최근 5일 평균 거래량은 20일 평균의 1.23배이고, 돌파일 거래량은 20일 평균의 1.33배입니다."
267250,HD현대,2025-05-07,2025-05-08,2025-05-21,79300.0,84200.0,6.18,10,time_exit,86,78800,66300,18.85,14,"박스권 형성 여부: 최근 20일 박스폭 18.85%로 스윙 박스 구간에 해당합니다.; 박스 상단 근접/돌파 여부: 현재 종가가 박스 상단을 돌파했습니다.; 변동성 축소 여부: 20일→10일→5일 변동성이 2.24% → 2.11% → 1.97% 흐름입니다.; 거래량 증가 여부: 최근 5일 평균 거래량은 20일 평균의 1.22배이고, 돌파일 거래량은 20일 평균의 1.61배입니다."
066570,LG전자,2025-06-12,2025-06-13,2025-06-26,74200.0,74700.0,0.67,10,time_exit,94,74600,68300,9.22,14,"박스권 형성 여부: 최근 20일 박스폭 9.22%로 스윙 박스 구간에 해당합니다.; 박스 상단 근접/돌파 여부: 현재 종가가 박스 상단을 돌파했습니다.; 변동성 축소 여부: 20일→10일→5일 변동성이 1.97% → 1.96% → 1.87% 흐름입니다.; 거래량 증가 여부: 최근 5일 평균 거래량은 20일 평균의 1.43배이고, 돌파일 거래량은 20일 평균의 2.17배입니다."
272210,한화시스템,2025-09-15,2025-09-16,2025-09-24,56100.0,61710.0,10.0,7,take_profit,76,55900,47550,17.56,14,"박스권 형성 여부: 최근 20일 박스폭 17.56%로 스윙 박스 구간에 해당합니다.; 박스 상단 근접/돌파 여부: 현재 종가가 박스 상단 95% 이상 구간에 근접했습니다.; 변동성 축소 여부: 20일→10일→5일 변동성이 4.14% → 3.68% → 3.19% 흐름입니다.; 거래량 증가 여부: 최근 5일 평균 거래량은 20일 평균의 1.06배이고, 돌파일 거래량은 20일 평균의 2.05배입니다."
000810,삼성화재,2025-09-11,2025-09-12,2025-09-17,474500.0,450775.0,-5.0,4,stop_loss,84,476000,432000,10.19,14,"박스권 형성 여부: 최근 20일 박스폭 10.19%로 스윙 박스 구간에 해당합니다.; 박스 상단 근접/돌파 여부: 현재 종가가 박스 상단 95% 이상 구간에 근접했습니다.; 변동성 축소 여부: 20일→10일→5일 변동성이 2.48% → 2.42% → 2.34% 흐름입니다.; 거래량 증가 여부: 최근 5일 평균 거래량은 20일 평균의 1.12배이고, 돌파일 거래량은 20일 평균의 1.43배입니다."
033780,KT&G,2025-06-24,2025-06-25,2025-07-07,123500.0,135850.0,10.0,9,take_profit,76,127600,119100,7.14,14,"박스권 형성 여부: 최근 20일 박스폭 7.14%로 스윙 박스 구간에 해당합니다.; 박스 상단 근접/돌파 여부: 현재 종가가 박스 상단 95% 이상 구간에 근접했습니다.; 변동성 축소 여부: 20일→10일→5일 변동성이 2.78% → 2.72% → 2.71% 흐름입니다.; 거래량 증가 여부: 최근 5일 평균 거래량은 20일 평균의 1.12배이고, 돌파일 거래량은 20일 평균의 1.43배입니다."
033780,KT&G,2025-11-24,2025-11-25,2025-12-08,146400.0,139080.0,-5.0,10,stop_loss,94,146200,132100,10.67,14,"박스권 형성 여부: 최근 20일 박스폭 10.67%로 스윙 박스 구간에 해당합니다.; 박스 상단 근접/돌파 여부: 현재 종가가 박스 상단을 돌파했습니다.; 변동성 축소 여부: 20일→10일→5일 변동성이 2.35% → 2.24% → 2.22% 흐름입니다.; 거래량 증가 여부: 최근 5일 평균 거래량은 20일 평균의 1.29배이고, 돌파일 거래량은 20일 평균의 1.79배입니다."
138040,메리츠금융지주,2025-02-27,2025-02-28,2025-03-10,121600.0,115520.0,-5.0,6,stop_loss,65,127200,107600,18.22,14,"박스권 형성 여부: 최근 20일 박스폭 18.22%로 스윙 박스 구간에 해당합니다.; 박스 상단 근접/돌파 여부: 현재 종가가 박스 상단 95% 이상 구간에 근접했습니다.; 변동성 축소 여부: 20일→10일→5일 변동성이 2.58% → 2.56% → 2.23% 흐름입니다.; 거래량 증가 여부: 최근 5일 평균 거래량은 20일 평균의 1.07배이고, 돌파일 거래량은 20일 평균의 1.16배입니다."
